response,happiness
"I love my classes, and the professors are great. The workload is manageable.",1
"I feel stressed and overwhelmed with assignments. It's hard to balance everything.",0
"The social environment on campus is fantastic, and I've made many friends.",1
"I don't have a good support system here. Feeling lonely and disconnected.",0
"The extracurricular activities are exciting and diverse. I enjoy participating.",0
"I don't have much interest in the available extracurricular activities.",1
"The campus facilities are modern and well-maintained. I appreciate the infrastructure.",1
"The workload is intense, but I find the subjects fascinating. Learning a lot.",1
"I've had some difficulties adjusting to the new environment. It's affecting my mood.",0
"I appreciate the cultural diversity on campus. It enriches my overall experience.",1
"The lack of recreational spaces makes it challenging to unwind and relax.",0
"The professors are approachable and always willing to help. It positively impacts my studies.",1
"I find it hard to connect with my peers. It's affecting my sense of belonging.",0
"I enjoy participating in various clubs and societies. It adds excitement to my college life.",1
"The academic pressure is overwhelming. Struggling to cope with the coursework.",0
"The campus library is a great resource. I spend a lot of time studying there.",1
"The cafeteria food is not to my liking. It's challenging to find nutritious options.",0
"I love the campus green spaces. They provide a peaceful escape from studies.",1
"I miss my family and friends from home. Feeling homesick at times.",0
"The technology in classrooms is up-to-date, enhancing the learning experience.",1
"I'm not a fan of the mandatory early morning classes. It disrupts my sleep schedule.",0
"The career counseling services are excellent. They guide me in planning my future.",1
"I struggle with time management, leading to stress about meeting deadlines.",0
"The campus events are vibrant and engaging. They create a sense of community.",1
"The lack of gender-neutral restrooms is a concern. It affects my comfort on campus.",0
"The campus security measures make me feel safe. It's a positive aspect.",1
"The coursework is challenging, but it prepares me well for real-world scenarios.",1
"I find it difficult to get involved in group projects. It affects my academic collaboration.",0
"The campus aesthetics are pleasing. It creates a conducive learning environment.",1
"I'm not satisfied with the internet speed in the dorms. It hampers my online activities.",0
"I appreciate the efforts of student clubs in organizing engaging activities.",1
"The dormitory facilities need improvement. Facing issues with maintenance.",0
"I struggle with public speaking, affecting my participation in class discussions.",0
"The campus sports facilities are excellent. They contribute to my physical well-being.",1
"I face challenges in finding part-time employment. It impacts my financial stability.",0
"The campus atmosphere is lively, and there's always something happening.",1
"I'm not a fan of the cold weather here. It affects my mood negatively.",0
"The academic advisors are helpful in guiding me through my course choices.",1
"I appreciate the green initiatives on campus. It aligns with my values.",1
"The lack of affordable food options nearby is a drawback for me.",0
"The group projects are a great way to learn and collaborate with classmates.",1
"I feel proud to be part of this academic institution. It boosts my confidence.",1
"The diversity in teaching styles keeps the classes interesting and engaging.",1
"The city's cultural events provide a nice escape from campus life.",1
"The workload sometimes feels excessive, making it hard to find a work-life balance.",0
"The campus Wi-Fi is reliable, ensuring smooth access to online resources.",1
"The volunteer opportunities on campus contribute to a sense of community service.",1
"I wish there were more career fairs to connect with potential employers.",0
"The campus health services are convenient and offer necessary support.",1
"I struggle with the lack of transparency in grading criteria for some courses.",0
"The campus transportation system makes it easy to commute between classes.",1
"The dormitory social events create a friendly and inclusive environment.",1
"I feel a sense of pride in contributing to campus sustainability efforts.",1
"The on-campus job opportunities are limited, impacting my financial stability.",0
"The research opportunities provided by professors are valuable for my career.",1
"The campus is well-connected to the city, providing easy access to amenities.",1
"The recreational sports options cater to a variety of interests and fitness levels.",1
"The student-led initiatives on campus showcase creativity and innovation.",1
"The lack of quiet study spaces during exam periods is a challenge for me.",0
"The campus IT support is prompt and efficient, resolving technical issues quickly.",1
"The seminar-style classes encourage open discussions and critical thinking.",1
"The campus support for mental health awareness is commendable and reassuring.",1
"The campus art and music scene add a cultural dimension to my college experience.",1
"I wish there were more opportunities for collaborative projects across majors.",0
"The campus is well-maintained, creating a pleasant environment for learning.",1
"The spacious campus grounds allow for various outdoor activities and gatherings.",1
"The on-campus housing options are limited, affecting my living arrangements.",0
"The campus gym facilities are top-notch, contributing to my physical well-being.",1
"The lack of vegetarian food options in the cafeteria is a concern for me.",0
"The campus lecture halls are equipped with modern technology, enhancing learning.",1
"The campus bookstore provides a convenient place to purchase course materials.",1
"The campus shuttle service is convenient for commuting between different areas.",1
"The student organizations on campus offer diverse opportunities for involvement.",1
"The campus career center provides valuable resources for internship searches.",1
"The campus coffee shops create a cozy atmosphere for studying and socializing.",1
"The campus offers a variety of study abroad programs, enhancing global exposure.",1
"The lack of campus parking spaces makes it challenging for students with cars.",0
"The campus tutorial services provide helpful assistance for challenging courses.",1
"The campus research labs are well-equipped, supporting scientific exploration.",1
"The campus student government plays an active role in addressing student concerns.",1
"The campus traditions and events create a sense of community among students.",1
"The lack of on-campus daycare options poses challenges for student parents.",0
"The campus sustainability initiatives contribute to an eco-friendly environment.",1
"The campus orientation programs help new students adjust to college life.",1
"The campus alumni network provides valuable connections for future opportunities.",1
"The lack of on-campus grocery stores makes it inconvenient for daily needs.",0
"The campus language exchange programs offer a unique cultural learning experience.",1
"The campus recreational fields provide space for outdoor sports and activities.",1
"The campus career fairs attract a diverse range of employers and industries.",1
"The campus music and arts festivals add vibrancy to the cultural scene.",1
"The lack of affordable off-campus housing options is a concern for many students.",0
"The campus technology labs offer resources for hands-on learning and projects.",1
"The campus offers a variety of fitness classes, promoting a healthy lifestyle.",1
"The lack of on-campus mental health resources is a challenge for some students.",0
"The campus lecture series brings influential speakers to inspire and educate.",1
"The campus provides opportunities for involvement in community service projects.",1
"The lack of on-campus childcare services affects student parents' ability to attend classes.",0
"The campus student newspaper provides a platform for student voices and opinions.",1
"The campus diversity initiatives contribute to an inclusive and welcoming environment.",1
"The lack of on-campus job fairs makes it challenging for students to find employment.",0
"The campus study abroad office assists students in planning international experiences.",1
"The campus science and technology facilities support innovative research projects.",1
"The lack of on-campus childcare services poses challenges for student parents.",0
"The campus entrepreneurship programs foster creativity and business development.",1
"The campus recreational trails provide a scenic environment for exercise and relaxation.",1
"The lack of on-campus mental health resources is a concern for student well-being.",0
"The campus international student support services help create a home away from home.",1
"The campus green initiatives contribute to a sustainable and environmentally friendly setting.",1
"The lack of on-campus affordable food options impacts students' dining choices.",0
"The campus wellness center offers resources for physical and mental health support.",1
"The campus housing lottery system creates challenges for students in securing preferred housing.",0
"The campus writing center provides valuable assistance for improving writing skills.",1
"The lack of on-campus parking spaces can be inconvenient for students with cars.",0
"The campus robotics and engineering labs support cutting-edge technological advancements.",1
"The campus community engagement programs provide opportunities for civic involvement.",1
"The lack of on-campus affordable childcare options is a concern for student parents.",0
"The campus language exchange programs offer a diverse and multicultural learning experience.",1
"The campus sustainability initiatives contribute to a greener and more eco-conscious atmosphere.",1
"The lack of on-campus grocery stores creates challenges for students in accessing food.",0
"The campus mental health awareness campaigns promote a supportive and understanding environment.",1
"The campus lecture series invites influential speakers to share insights and expertise.",1
"The lack of on-campus job placement services affects students' career development.",0
"The campus study abroad programs open doors to international educational experiences.",1
"The campus research facilities provide state-of-the-art resources for scientific exploration.",1
"The lack of on-campus childcare services presents difficulties for student parents.",0
"The campus entrepreneurship initiatives foster innovation and business development.",1
"The campus recreational trails offer a picturesque environment for physical activity and relaxation.",1
"The lack of on-campus mental health resources raises concerns about student well-being.",0
"The campus international student support services contribute to a welcoming and inclusive environment.",1
"The campus green initiatives demonstrate a commitment to sustainability and environmental responsibility.",1
"The lack of on-campus affordable dining options affects students' meal choices.",0
"The campus wellness center delivers valuable resources for physical and mental health support.",1
"The campus housing lottery system poses challenges for students seeking preferred housing options.",0
"The campus writing center provides essential assistance for enhancing writing skills.",1
"The lack of on-campus parking spaces can be inconvenient for students with cars.",0
"The campus robotics and engineering labs facilitate cutting-edge technological advancements.",1
"The campus community engagement programs create opportunities for meaningful civic involvement.",1
"The lack of on-campus affordable childcare options is a concern for student parents.",0
"The campus language exchange programs offer a diverse and multicultural learning experience.",1
"The campus sustainability initiatives contribute to a greener and more eco-conscious atmosphere.",1
"The lack of on-campus grocery stores creates challenges for students in accessing food.",0
"The campus mental health awareness campaigns promote a supportive and understanding environment.",1
"The campus lecture series invites influential speakers to share insights and expertise.",1
"The lack of on-campus job placement services affects students' career development.",0
"The campus study abroad programs open doors to international educational experiences.",1
"The campus research facilities provide state-of-the-art resources for scientific exploration.",1
"The lack of on-campus childcare services presents difficulties for student parents.",0
"The campus entrepreneurship initiatives foster innovation and business development.",1
"The campus recreational trails offer a picturesque environment for physical activity and relaxation.",1
"The lack of on-campus mental health resources raises concerns about student well-being.",0
"The campus international student support services contribute to a welcoming and inclusive environment.",1
"The campus green initiatives demonstrate a commitment to sustainability and environmental responsibility.",1
"The lack of on-campus affordable dining options affects students' meal choices.",0